key,body,boot_l_max,boot_l_min,co2_gkm_max,co2_gkm_min,dims_generation,dims_source,electric,ev_miles_max,ev_miles_min,family_boot,five_adults,four_adults,fuels,height_mm,hp_per_tonne_max,hp_per_tonne_min,in_stock_dan,in_stock_group,length_mm,name,pace_best,pace_typical,plug,power_hp_max,power_hp_min,price_from,price_to,price_typical,seats,seven_seats,size_class,two_seats_two_adults,weight_kg_max,weight_kg_min,wheelbase_mm,width_mm,years
1 Series,Hatchback,380,300,174,121,F70,BMW 1 Series (F70),False,,,False,False,True,Diesel / Petrol,1459,201,102,13,48,4361,1 Series,quick,relaxed,False,306,135,16495,36995,25679,5,False,small,False,1625,1290,2670,1800,2020 / 2026
2 Series,Coupe,390,390,221,144,G42,BMW 2 Series (G42),False,,,False,False,True,Petrol,1418,264,122,1,7,4547,2 Series Coupe,fast,relaxed,False,479,182,25769,57500,31602,4,False,compact,False,1815,1490,2741,1839,2022 / 2026
2 Series AT,MPV,560,415,139,131,,BMW 2 Series Active Tourer,False,,,True,False,True,Petrol,1576,124,107,0,3,4386,2 Series Active Tourer,relaxed,relaxed,False,190,170,12941,28749,20265,5 / 7,True,small,True,1595,1520,2670,1824,2019 / 2026
2 Series GC,Gran Coupe,430,360,172,120,,BMW 2 Series Gran Coupé,False,,,True,False,True,Petrol,1445,195,98,5,20,4546,2 Series Gran Coupe,quick,relaxed,False,306,135,16445,38691,26750,5,False,compact,True,1650,1375,2670,1800,2021 / 2026
3 Series,Saloon,500,375,235,21,G20,BMW 3 Series (G20),False,63,34,True,False,True,Diesel / Petrol / Plug-in hybrid,1442,286,110,13,21,4709,3 Series,fast,brisk,True,530,182,16906,82995,33687,5,False,mid size,True,1970,1455,2851,1827,2016 / 2026
4 Series,Coupe,470,385,233,127,G22,BMW 4 Series (G22),False,,,True,False,True,Diesel / Petrol,1387,285,103,5,15,4768,4 Series,fast,relaxed,False,530,182,25573,73995,37785,4 / 5,False,mid size,True,2010,1525,2851,1852,2021 / 2026
5 Series,Saloon,570,410,257,34,G60,BMW 5 Series (G60),False,58,33,True,False,True,Diesel / Petrol / Plug-in hybrid,1515,329,106,3,14,5060,5 Series,very fast,brisk,True,726,189,23673,97995,43260,5,False,large,True,2515,1660,2995,1900,2017 / 2026
7 Series,Saloon,525,525,82,82,G70,BMW 7 Series (G70),False,48,48,True,True,True,Plug-in hybrid,1544,226,226,1,0,5391,7 Series,fast,fast,True,570,570,88995,88995,88995,5,False,limousine,True,2525,2525,3215,1950,2026 / 2026
X1,SUV,540,490,183,17,U11,BMW X1 (U11),False,52,51,True,False,True,Diesel / Petrol / Plug-in hybrid,1642,175,110,2,18,4500,X1,quick,relaxed,True,326,170,14995,42995,34751,5,False,compact,True,1935,1485,2692,1845,2017 / 2026
X2,SUV,560,470,179,131,,BMW X2,False,,,True,False,True,Petrol,1590,169,103,0,4,4554,X2,brisk,relaxed,False,299,170,25340,42465,34016,5,False,compact,True,1770,1540,2692,1845,2023 / 2025
X3,SUV,570,450,207,22,G45,BMW X3 (G45),False,53,25,True,False,True,Diesel / Petrol / Plug-in hybrid,1660,188,100,7,17,4755,X3,quick,relaxed,True,359,182,25715,56995,41866,5,False,mid size,True,2140,1770,2865,1920,2020 / 2026
X4,SUV Coupe,525,525,168,151,,BMW X4,False,,,True,False,True,Diesel,1621,103,103,1,3,4752,X4,relaxed,relaxed,False,189,189,36990,46837,41270,5,False,mid size,True,1840,1840,2864,1918,2023 / 2026
X5,SUV,650,500,219,19,G05,BMW X5 (G05),False,62,53,True,True,True,Diesel / Petrol / Plug-in hybrid,1765,196,126,7,20,4935,X5,quick,quick,True,488,286,41250,73995,61345,5,False,large,True,2495,2060,2975,2004,2022 / 2026
X6,SUV Coupe,580,580,260,193,,BMW X6,False,,,True,True,True,Diesel / Petrol,1696,237,151,0,2,4935,X6,fast,quick,False,530,351,48723,70098,59410,5,False,large,True,2320,2235,2975,2004,2023 / 2026
X7,SUV,750,750,237,198,,BMW X7,False,,,True,True,True,Diesel / Petrol,1805,146,137,3,2,5151,X7,brisk,brisk,False,351,339,44995,79995,66953,7,True,limousine,True,2565,2320,3105,2000,2019 / 2026
XM,SUV,,,105,34,,BMW XM,False,52,52,False,True,True,Plug-in hybrid,1755,181,176,2,1,5110,XM,quick,quick,True,475,475,65495,76738,76277,5,False,limousine,False,2695,2620,3105,2005,2024 / 2026
i3,Hatchback,260,260,,,,BMW i3 (hatchback),True,190,175,False,False,False,Electric,1578,141,134,0,4,3999,i3 hatchback,brisk,brisk,True,182,170,14821,17407,15322,4,False,small,False,1290,1270,2570,1775,2021 / 2022
i4,Gran Coupe,470,470,,,,BMW i4,True,368,288,True,False,True,Electric,1448,263,138,3,15,4785,i4,fast,brisk,True,601,286,29495,54000,34189,5,False,mid size,True,2290,2065,2856,1852,2022 / 2026
i5,Saloon,490,490,,,G60,BMW 5 Series (G60),True,373,373,True,False,True,Electric,1515,154,154,2,0,5060,i5,brisk,brisk,True,339,339,42995,43840,43417,5,False,large,True,2195,2195,2995,1900,2026 / 2026
i7,Saloon,500,500,,,G70,BMW 7 Series (G70),True,383,383,True,True,True,Electric,1544,200,200,0,1,5391,i7,quick,quick,True,544,544,56000,56000,56000,5,False,limousine,True,2715,2715,3215,1950,2023 / 2023
iX,SUV,500,500,,,,BMW iX,True,373,255,True,True,True,Electric,1695,202,134,4,13,4953,iX,quick,brisk,True,522,326,30000,59020,33894,5,False,large,True,2585,2440,3000,1967,2021 / 2026
iX1,SUV,490,490,,,U11,BMW X1 (U11),True,311,286,True,False,True,Electric,1642,156,105,2,4,4500,iX1,brisk,relaxed,True,313,203,24995,37808,34935,5,False,compact,True,2085,1940,2692,1845,2023 / 2026
iX2,SUV,583,525,131,131,,BMW X2,True,319,295,True,False,True,Electric,1590,149,104,1,9,4554,iX2,brisk,brisk,True,313,203,29349,37495,35830,5,False,compact,True,2095,1960,2692,1845,2024 / 2026
iX3,SUV,520,510,,,,BMW iX3,True,492,288,True,False,True,Electric,1635,199,126,3,11,4782,iX3,quick,relaxed,True,469,286,26943,66000,30625,5,False,mid size,True,2360,2270,2897,1895,2022 / 2026
